ts,equity
1784862862104313990,1e+06
1784862862328439836,1e+06
1784862862376760610,999999
1784862864365112120,999999
1784862867019204884,999999
1784862867482783406,999999
1784862870109229792,999999
1784862871011342893,999999
1784862871695093461,999999
1784862872135743011,999999
1784862872382976884,999999
1784862872652661814,999999
1784862872661187010,999999
1784862872785336791,999999
1784862872922691311,999999
1784862873340950960,999999
1784862874337910960,999999
1784862875244458430,999999
1784862879716548392,999999
1784862880842635577,999999
1784862882482184479,999999
1784862883299598383,999999
1784862884529069492,999999
1784862884621781540,999999
1784862884842753469,999999
1784862884866807961,999999
1784862884887943922,999999
1784862884931042975,999999
1784862884962212806,999999
1784862885504049959,999999
1784862887808770950,999999
1784862888395227570,999999
1784862889037110556,999999
1784862889053943720,999999
1784862889065132421,999999
1784862889136063272,999999
1784862889550412551,1e+06
1784862890777865136,999999
1784862891857208941,999999
1784862892847351842,999999
1784862894667529408,1e+06
1784862895080218440,999999
1784862895110135039,999999
1784862895297015446,999999
1784862896100179870,999999
1784862896731699909,999999
1784862897073970374,999999
1784862898250821374,999999
1784862899789867161,1e+06
1784862899790617447,999841
1784862899791191970,999868
1784862899791716894,999914
1784862899792242946,999914
1784862899867817026,999914
1784862899961264860,999949
1784862900103589981,999949
1784862900377553870,999949
1784862900611361261,999949
1784862900827682976,999950
1784862901149145457,999949
1784862902408497944,999949
1784862904416177212,999949
1784862904659242522,999949
1784862905039230146,999949
1784862905177851888,999949
1784862905298792230,999949
1784862906536641784,999949
1784862907892853190,999949
1784862908923183001,999949
1784862910213560906,999949
1784862911778237904,999898
1784862911778237904,999854
1784862911779559448,999512
1784862911780227667,999512
1784862911780760304,999512
1784862911782406535,999527
1784862911789527972,999580
1784862911797520470,999566
1784862911836489446,999540
1784862911905628120,999540
1784862911978232449,999540
1784862912026259524,999540
1784862912126519772,999540
1784862912230324605,999540
1784862912334019165,999540
1784862912436574494,999540
1784862912543480257,999564
1784862912634283258,999564
1784862912762492751,999564
1784862912847207117,999518
1784862912866784265,999514
1784862912879981094,999452
1784862912998588471,999498
1784862913205939275,999498
1784862913388378907,999498
1784862913699332431,999504
1784862913970940482,999504
1784862914433251302,999458
1784862914648012463,999460
1784862915009305696,999458
1784862915766791704,999458
1784862916046993453,999458
1784862916234237808,999458
1784862916239792817,999458
1784862916256212095,999458
1784862916263521365,999458
1784862916292715095,999458
1784862916293824487,999458
1784862916332740593,999458
1784862916368539012,999458
1784862916406784663,999407
1784862916445941858,999410
1784862916465998441,999296
1784862916497382470,999296
1784862916532608626,999296
1784862916544581888,999296
1784862916553878406,999296
1784862916585632772,999296
1784862916611377673,999274
1784862916619043057,999274
1784862916648272021,999274
1784862916652607996,999274
1784862916670710405,999274
1784862916679563670,999274
1784862916705265088,999274
1784862916715063766,999274
1784862916752816599,999274
1784862916753329896,999274
1784862916761360305,999274
1784862916820873885,999274
1784862916877955374,999273
1784862917097963156,999273
1784862917122308857,999273
1784862917147471978,999273
1784862917162346084,999163
1784862917163043677,999088
1784862917169022434,998916
1784862917183971469,998884
1784862917184301887,998884
1784862917188855707,998884
1784862917189200736,998884
1784862917194650537,998884
1784862917214835766,998884
1784862917238695540,998884
1784862917269339001,998884
1784862917285461125,998838
1784862917305465546,998838
1784862917320576099,998834
1784862917321030713,998834
1784862917342015840,998834
1784862917450175375,998584
1784862917482742333,998584
1784862917601737786,998583
1784862917628426422,998583
1784862917663103550,998583
1784862917789111317,998583
1784862917896887460,998583
1784862917909958649,998583
1784862917971586504,998583
1784862918012855682,998583
1784862918029279625,998583
1784862918039388682,998586
1784862918062955440,998583
1784862918207945779,998583
1784862918318295862,998583
1784862918336096387,998583
1784862918507681400,998583
1784862918649605798,998583
1784862918677782999,998583
1784862918748767779,998583
1784862919002857379,998583
1784862919059320015,998583
1784862919199424832,998583
1784862919304555379,998583
1784862919428925607,998583
1784862919575206968,998583
1784862919590305167,998583
1784862919598909075,998583
1784862919619963022,998583
1784862919645874927,998583
1784862919661549077,998583
1784862919678678478,998583
1784862919714853471,998583
1784862919822585097,998583
1784862919920432281,998583
1784862920016925748,998583
1784862920195053968,998583
1784862920968311593,998583
1784862922212430214,998583
1784862922622742965,998583
1784862923099112515,998583
1784862923218928357,998583
1784862923637302220,998583
1784862924174940593,998583
1784862924722622827,998583
1784862925036737201,998583
1784862926323419729,998583
1784862926338743207,998583
1784862926357732179,998583
1784862926501897684,998667
1784862926507346401,998569
1784862926519074578,998575
1784862926520305036,998806
1784862926530734267,998652
1784862926551089884,998712
1784862927008378054,998712
1784862927845091193,998680
1784862928178672611,998654
1784862928262476711,998654
1784862928274973912,998610
1784862928288228183,998610
1784862928301208764,998610
1784862928320058768,998610
1784862928331054773,998610
1784862928354849388,998610
1784862928421447143,998610
1784862928480783509,998610
1784862928513454948,998610
1784862928620801046,998610
1784862928771761844,998610
1784862929060408345,998610
1784862929060672306,998610
1784862929077338067,998610
1784862929121526979,998610
1784862929414582794,998610
1784862929775171912,998610
1784862929994994246,998610
1784862930045659275,998610
1784862930088536470,998610
1784862930097360188,998610
1784862930107361229,998602
1784862930123109397,998602
1784862930240518639,998602
1784862930862158443,998602
1784862932145653529,998602
1784862932555698973,998602
1784862933879401406,998602
1784862933981392524,998602
1784862934121410074,998602
1784862934178597758,998602
1784862934206943493,998602
1784862934221895422,998590
1784862934236057758,998514
1784862934251835114,998510
1784862934272957103,998508
1784862934273670147,998372
1784862934293830455,998138
1784862934308972043,998045
1784862934321533604,998045
1784862934341481977,998010
1784862934350872401,997974
1784862934363685001,997973
1784862934374850832,997973
1784862934406254331,997976
1784862934429815552,997973
1784862934459008546,997973
1784862934491825314,997976
1784862934500334178,997973
1784862934526879347,997973
1784862934549239164,997973
1784862934563090684,997973
1784862934583998037,997973
1784862934599652590,997888
1784862934617557409,997888
1784862934635142673,997888
1784862934657664368,997888
1784862934675370419,997888
1784862934690610732,997888
1784862934698912771,997888
1784862934741780036,997888
1784862934837846108,997888
1784862934838623199,997888
1784862934913583462,997808
1784862934919128353,997808
1784862934952701778,997774
1784862934999766414,997774
1784862935079375652,997774
1784862935098781939,997774
1784862935174316034,997773
1784862935237887931,997773
1784862935379583531,997770
1784862935379985017,997648
1784862935383341058,997648
1784862935476316254,997648
1784862935683952599,997648
1784862935886959318,997648
1784862936041571448,997648
1784862936234604114,997648
1784862937063009614,997648
1784862937518378352,997648
1784862937633769282,997648
1784862938140493874,997648
1784862938267705348,997648
1784862938318403525,997639
1784862938318642732,997598
1784862938320291052,997574
1784862938320543417,997571
1784862938320808003,997434
1784862938342420831,997261
1784862938342728679,997261
1784862938358461111,997261
1784862938411031820,997251
1784862938417127114,997251
1784862938457558324,997251
1784862938556719160,997251
1784862938856260494,997251
1784862938967894610,997251
1784862938999485934,997251
1784862939069823109,997251
1784862939131103259,997199
1784862939138814696,997083
1784862939139709905,997067
1784862939158815909,996874
1784862939166578109,996874
1784862939186171318,996830
1784862939201933307,996830
1784862939285747265,996830
1784862939324840331,996830
1784862939504648707,996830
1784862939740576004,996830
1784862940030878724,996830
1784862940247491635,996830
1784862940862862372,996830
1784862940903080608,996830
1784862940937743729,996830
1784862941162703055,996830
1784862941560803111,996830
1784862942127212511,996830
1784862942447392455,996830
1784862942772966193,996830
1784862942847384250,996830
1784862942924830939,996810
1784862942925907894,996810
1784862942926546487,996650
1784862942927003386,996650
1784862942927419437,996650
1784862942928654754,996650
1784862942929186468,996440
1784862942929737739,996440
1784862942943778820,996440
1784862943005024586,996440
1784862943036753726,996440
1784862943309323247,996440
1784862943423616138,996440
1784862943510198935,996440
1784862943864183444,996440
1784862943979431289,996439
1784862944266009194,996439
1784862944276810236,996439
1784862944335781999,996442
1784862944496417316,996439
1784862944842744694,996439
1784862945101321497,996439
1784862945364116657,996439
1784862945505760100,996439
1784862945968522714,996439
1784862946055096525,996439
1784862946070003986,996439
1784862946085635174,996439
1784862946085939157,996439
1784862946097331312,996439
1784862946121627765,996439
1784862946169151211,996439
1784862946199238700,996439
1784862946264855933,996439
1784862946330307235,996439
1784862946370592429,996439
1784862946401090597,996439
1784862946568133962,996439
1784862946854844407,996439
1784862947282725606,996439
1784862947348600093,996439
1784862947609416821,996439
1784862947609898139,996439
1784862947610604320,996439
1784862947610986562,996439
1784862947611428466,996439
1784862947611875355,996439
1784862947612251372,996439
1784862947613159508,996439
1784862947619291191,996439
1784862947637662570,996439
1784862947700723362,996439
1784862947701366741,996439
1784862947708057488,996439
1784862947762405506,996439
1784862947775754084,996439
1784862947804817260,996439
1784862947868807039,996439
1784862947941748918,996439
1784862948143561344,996439
1784862948431955892,996439
1784862948556123417,996439
1784862948556624348,996439
1784862948558631880,996439
1784862948709872796,996439
1784862948921727074,996439
1784862949035363893,996439
1784862949037875592,996439
1784862949127001590,996439
1784862949381616291,996439
1784862949449332738,996439
1784862950131161136,996439
1784862950332608374,996439
1784862951601980413,996439
1784862951804848760,996439
1784862951880006166,996548
1784862951886731552,996548
1784862951887296293,996606
1784862952190690011,996608
1784862952819810031,996606
1784862952845487870,996606
1784862952862841279,996606
1784862952880076577,996606
1784862952936548605,996606
1784862953087069832,996606
1784862953248860735,996606
1784862953383732532,996606
1784862953474397956,996606
1784862954502511667,996606
1784862954879439462,996606
1784862955031827178,996606
1784862955623758888,996606
1784862955903063747,996606
1784862955903570457,996606
1784862955903983765,996606
1784862955904542536,996606
1784862955913342574,996606
1784862955929639775,996606
1784862955961778467,996606
1784862956102234992,996606
1784862956368053274,996606
1784862957028569391,996606
1784862957543618777,996606
1784862957666676423,996606
1784862958075241597,996606
1784862958083554664,996606
1784862958101114972,996606
1784862958121528258,996606
1784862958122212767,996606
1784862958135045209,996606
1784862958145855422,996606
1784862958157225685,996606
1784862958171409866,996606
1784862958182386812,996606
1784862958192984303,996606
1784862958248152903,996606
1784862958333185769,996606
1784862958411568415,996606
1784862958482042775,996606
1784862958581089014,996606
1784862959006573458,996606
1784862959125440491,996566
1784862959131924575,996445
1784862959139839125,996565
1784862959147998265,996413
1784862959150006315,996415
1784862959157332654,996502
1784862959168838471,996474
1784862959209344893,996474
1784862959252767397,996474
1784862959259537133,996474
1784862959266536674,996474
1784862959280711832,996474
1784862959356947995,996474
1784862959364357665,996536
1784862959425515682,996575
1784862959439828182,996575
1784862959510424751,996575
1784862959516442909,996565
1784862959580351896,996576
1784862959580567758,996584
1784862959587114218,996582
1784862959680341156,996582
1784862959697292683,996582
1784862959699859540,996582
1784862959737115098,996585
1784862959849824897,996585
1784862959926875097,996585
1784862960157465199,996585
1784862960225105044,996585
1784862960245247982,996585
1784862960261798215,996585
1784862960321551744,996585
1784862960421742184,996585
1784862960464979490,996585
1784862960633805493,996585
1784862961099672271,996585
1784862961633345247,996585
1784862962202908368,996585
1784862962248346482,996585
1784862962251694822,996585
1784862962267870617,996585
1784862962302638628,996585
1784862962420249191,996585
1784862962659498780,996585
1784862963377495088,996585
1784862963377774160,996585
1784862963385233209,996585
1784862963391435550,996585
1784862963430694805,996585
1784862963632110748,996585
1784862963681678073,996585
1784862963732789865,996585
1784862964117201745,996585
1784862964593319679,996586
1784862965094654867,996585
1784862965323327062,996585
1784862965548847615,996585
1784862965577875165,996585
1784862965601487969,996585
1784862965637789262,996585
1784862966039868068,996585
1784862966104739988,996585
1784862966142546074,996585
1784862966151750076,996585
1784862966755895895,996585
1784862967683534286,996585
1784862968098554757,996586
1784862968407154099,996586
1784862968421255569,996586
1784862968598640322,996586
1784862968729058109,996586
1784862969008866172,996586
1784862969009342936,996586
1784862969009826857,996586
1784862969120218984,996586
1784862969366752751,996586
1784862969497611181,996586
1784862970081267181,996586
1784862970207564290,996586
1784862970269678401,996586
1784862970418297368,996586
1784862970925740408,996586
1784862971095363334,996586
1784862971216661645,996586
1784862972184689546,996586
1784862972186462386,996586
1784862972472166535,996586
1784862973412582634,996586
1784862973679360982,996586
1784862974131943617,996586
1784862974162420705,996586
1784862974298355227,996586
1784862975099271702,996586
1784862975205077896,996586
1784862975668116300,996547
1784862975669353337,996426
1784862975670720840,996430
1784862975672605420,996429
1784862975673329176,996442
1784862975678411061,996486
1784862975722938930,996486
1784862975818607100,996486
1784862975982743398,996486
1784862975995228716,996486
1784862976027133799,996534
1784862976104639333,996563
1784862976143904634,996563
1784862976155090376,996563
1784862976182527944,996563
1784862976278319852,996563
1784862976476419065,996563
1784862976875958750,996563
1784862977007019500,996563
1784862977007611300,996563
1784862977008100584,996563
1784862977009084727,996563
1784862977073639601,996563
1784862977124118353,996563
1784862977260533282,996563
1784862977357803295,996563
1784862977426797136,996563
1784862977484172376,996563
1784862977555770405,996563
1784862977616229338,996563
1784862977780887140,996563
1784862978222357684,996563
1784862979150811979,996563
1784862979413500646,996563
1784862979675457559,996563
1784862980116852309,996563
1784862980956258874,996563
1784862980971861386,996563
1784862980982681655,996563
1784862981002598300,996563
1784862981351320196,996563
1784862981509018465,996563
1784862981632295380,996563
1784862981815195561,996563
1784862982425143212,996563
1784862982430820442,996563
1784862982632059623,996563
1784862983242944182,996563
1784862984677454832,996563
1784862985465507075,996563
1784862986622265764,996563
1784862987006585407,996563
1784862987750947375,996564
1784862988851220604,996563
1784862990718277474,996563
1784862992276933125,996563
1784862992307388174,996563
1784862992338309000,996563
1784862992356057240,996563
1784862992408482460,996563
1784862992617542839,996563
1784862992991752105,996563
1784862993031902559,996563
1784862993050625375,996563
1784862993057769372,996563
1784862993087941172,996563
1784862993101569294,996563
1784862993104329940,996563
1784862993165414009,996563
1784862993216645035,996563
1784862993376200072,996563
1784862993491904498,996563
1784862994129386271,996563
1784862995632868385,996563
1784862995750600906,996563
1784862995991312230,996563
1784862996132516290,996563
1784862996350370899,996563
1784862996366632762,996563
1784862996397107884,996563
1784862996423477760,996563
1784862996474311758,996563
1784862996518861843,996563
1784862996625790703,996563
1784862996863272591,996563
1784862998705821022,996563
1784862999037235667,996563
1784862999053910594,996563
1784862999131083592,996563
1784862999179748130,996563
1784862999328379936,996563
1784862999628686486,996563
1784862999926424994,996563
1784863000804109181,996563
1784863000917282770,996563
1784863000929919128,996563
1784863000944531180,996563
1784863000963908704,996563
1784863000978126574,996563
1784863000992609605,996563
1784863001111185178,996563
1784863001344963451,996606
1784863001344963451,996607
1784863001348083374,996556
1784863001354628887,996585
1784863001362766398,996549
1784863001368335665,996550
1784863001377412424,996546
1784863001390278442,996546
1784863001508961165,996546
1784863001516765163,996531
1784863001523858652,996532
1784863001632853972,996532
1784863001839612288,996532
1784863001850287401,996532
1784863001921308587,996541
1784863002002326884,996541
1784863002024471435,996541
1784863002028975095,996541
1784863002044989168,996541
1784863002219645465,996541
1784863002597326497,996548
1784863002597528511,996548
1784863002598368945,996524
1784863002598605512,996552
1784863002598807756,996597
1784863002610616585,996595
1784863002787313945,996595
1784863003178699074,996595
1784863003372329309,996595
1784863003410740415,996595
1784863003474294873,996595
1784863003485187488,996595
1784863003626719500,996595
1784863003970781567,996595
1784863004497080715,996595
1784863004931529806,996595
1784863005009413757,996595
1784863005584144610,996595
1784863005806423037,996595
1784863007890973723,996595
1784863009252673588,996595
1784863009877415625,996595
1784863009902471227,996595
1784863009925807060,996595
1784863009960353088,996595
1784863010169804295,996595
1784863010428175178,996595
1784863011197858506,996595
1784863013041542959,996595
1784863013835914167,996595
1784863014086841771,996595
1784863014546614066,996595
1784863015264472521,996595
1784863015909567847,996595
1784863015909812362,996595
1784863015910239540,996595
1784863015910526560,996595
1784863015973285489,996595
1784863016129131889,996595
1784863016276050111,996595
1784863017098835214,996595
1784863018451181080,996595
1784863019012340096,996595
1784863020108773282,996595
1784863020154446641,996595
1784863020226291355,996595
1784863020314127210,996595
1784863020651980737,996595
1784863020707245107,996595
1784863021100091472,996595
1784863022565499626,996595
1784863022572102844,996595
1784863022590036391,996595
1784863022637296442,996595
1784863022684616223,996595
1784863022729666757,996595
1784863022802178884,996595
1784863022990159082,996595
1784863023121302166,996595
1784863023397495546,996595
1784863023596005101,996596
1784863023703866089,996596
1784863023767942901,996596
1784863023882961609,996596
1784863023926409912,996596
1784863024397411714,996596
1784863025127974844,996596
1784863025272554845,996596
1784863025301132161,996596
1784863025534432772,996606
1784863025548524928,996611
1784863025556324632,996610
1784863025567977077,996610
1784863025568366243,996611
1784863025576304889,996610
1784863025688479654,996610
1784863025869140006,996610
1784863025960180083,996605
1784863026209768933,996605
1784863026419795221,996595
1784863026561011174,996467
1784863026569165140,996410
1784863026590994913,996410
1784863026661764155,996410
1784863026692922330,996327
1784863026843779985,996324
1784863027072842961,996324
1784863027073436119,996324
1784863027599847819,996324
1784863027600426407,996324
1784863027798305463,996324
1784863028046207368,996324
1784863028212756040,996324
1784863028254903685,996324
1784863028406382993,996474
1784863028457403527,996448
1784863028518324455,996448
1784863029030345488,996394
1784863029030572790,996451
1784863029037473076,996505
1784863029110872539,996505
1784863029148652544,996534
1784863029187858488,996534
1784863029227555825,996534
1784863029368792172,996535
1784863029499048327,996535
1784863029791869736,996535
1784863030003026964,996535
1784863030677193141,996535
1784863031031285116,996535
1784863031075323713,996535
1784863031262789164,996535
1784863031583693514,996535
1784863032008127301,996535
1784863032341385039,996535
1784863032362148642,996535
1784863032550454947,996535
1784863033931629135,996536
1784863033998519587,996536
1784863034751751950,996536
1784863034752236225,996536
1784863034753585814,996536
1784863034785317609,996536
1784863034886245472,996536
1784863035573659563,996536
1784863035937247577,996536
1784863037090948677,996536
1784863037238424788,996536
1784863038642180961,996536
1784863039434175780,996536
1784863039476904420,996536
1784863039542687855,996536
1784863039560790889,996536
1784863039580099556,996556
1784863039580641504,996556
1784863039591688792,996556
1784863039598775975,996556
1784863039619810548,996556
1784863039662537784,996556
1784863039701887962,996556
